<?xml version="1.0" encoding="utf-8"?>
<DataSchemaModel FileFormatVersion="1.2" SchemaVersion="2.9" DspName="Microsoft.Data.Tools.Schema.Sql.Sql160DatabaseSchemaProvider" CollationLcid="1033" CollationCaseSensitive="False" xmlns="http://schemas.microsoft.com/sqlserver/dac/Serialization/2012/02">
	<Model>
		<Element Type="SqlDatabaseOptions" Disambiguator="1">
			<Property Name="Collation" Value="SQL_Latin1_General_CP1_CI_AS" />
			<Property Name="IsAnsiPaddingOn" Value="False" />
			<Property Name="IsQuotedIdentifierOn" Value="False" />
			<Property Name="IsCursorDefaultScopeGlobal" Value="True" />
			<Property Name="IsTornPageProtectionOn" Value="False" />
			<Property Name="RecoveryMode" Value="1" />
			<Property Name="IsFullTextEnabled" Value="True" />
			<Property Name="TargetRecoveryTimePeriod" Value="60" />
			<Property Name="QueryStoreDesiredState" Value="2" />
			<Property Name="QueryStoreCaptureMode" Value="2" />
			<Property Name="QueryStoreMaxStorageSize" Value="1000" />
			<Relationship Name="DefaultFilegroup">
				<Entry>
					<References ExternalSource="BuiltIns" Name="[PRIMARY]" />
				</Entry>
			</Relationship>
		</Element>
		<Element Type="SqlPrimaryKeyConstraint">
			<Relationship Name="ColumnSpecifications">
				<Entry>
					<Element Type="SqlIndexedColumnSpecification">
						<Relationship Name="Column">
							<Entry>
								<References Name="[dbo].[MasterPlans].[Id]" />
							</Entry>
						</Relationship>
					</Element>
				</Entry>
			</Relationship>
			<Relationship Name="DefiningTable">
				<Entry>
					<References Name="[dbo].[MasterPlans]" />
				</Entry>
			</Relationship>
			<Annotation Type="SqlInlineConstraintAnnotation" Name="[dbo].[PK__MasterPl__3214EC07A8178B6F]" Disambiguator="5" />
		</Element>
		<Element Type="SqlTable" Name="[dbo].[BachelorPlans]">
			<Property Name="IsAnsiNullsOn" Value="True" />
			<Relationship Name="Columns">
				<Entry>
					<Element Type="SqlSimpleColumn" Name="[dbo].[BachelorPlans].[College]">
						<Relationship Name="TypeSpecifier">
							<Entry>
								<Element Type="SqlTypeSpecifier">
									<Property Name="Length" Value="250" />
									<Relationship Name="Type">
										<Entry>
											<References ExternalSource="BuiltIns" Name="[nvarchar]" />
										</Entry>
									</Relationship>
								</Element>
							</Entry>
						</Relationship>
					</Element>
				</Entry>
				<Entry>
					<Element Type="SqlSimpleColumn" Name="[dbo].[BachelorPlans].[Department]">
						<Relationship Name="TypeSpecifier">
							<Entry>
								<Element Type="SqlTypeSpecifier">
									<Property Name="Length" Value="250" />
									<Relationship Name="Type">
										<Entry>
											<References ExternalSource="BuiltIns" Name="[nvarchar]" />
										</Entry>
									</Relationship>
								</Element>
							</Entry>
						</Relationship>
					</Element>
				</Entry>
				<Entry>
					<Element Type="SqlSimpleColumn" Name="[dbo].[BachelorPlans].[DegreeArabic]">
						<Relationship Name="TypeSpecifier">
							<Entry>
								<Element Type="SqlTypeSpecifier">
									<Property Name="Length" Value="250" />
									<Relationship Name="Type">
										<Entry>
											<References ExternalSource="BuiltIns" Name="[nvarchar]" />
										</Entry>
									</Relationship>
								</Element>
							</Entry>
						</Relationship>
					</Element>
				</Entry>
				<Entry>
					<Element Type="SqlSimpleColumn" Name="[dbo].[BachelorPlans].[DegreeEnglish]">
						<Relationship Name="TypeSpecifier">
							<Entry>
								<Element Type="SqlTypeSpecifier">
									<Property Name="Length" Value="250" />
									<Relationship Name="Type">
										<Entry>
											<References ExternalSource="BuiltIns" Name="[nvarchar]" />
										</Entry>
									</Relationship>
								</Element>
							</Entry>
						</Relationship>
					</Element>
				</Entry>
				<Entry>
					<Element Type="SqlSimpleColumn" Name="[dbo].[BachelorPlans].[PlanName]">
						<Relationship Name="TypeSpecifier">
							<Entry>
								<Element Type="SqlTypeSpecifier">
									<Property Name="Length" Value="250" />
									<Relationship Name="Type">
										<Entry>
											<References ExternalSource="BuiltIns" Name="[nvarchar]" />
										</Entry>
									</Relationship>
								</Element>
							</Entry>
						</Relationship>
					</Element>
				</Entry>
				<Entry>
					<Element Type="SqlSimpleColumn" Name="[dbo].[BachelorPlans].[TotalHours]">
						<Relationship Name="TypeSpecifier">
							<Entry>
								<Element Type="SqlTypeSpecifier">
									<Property Name="Length" Value="250" />
									<Relationship Name="Type">
										<Entry>
											<References ExternalSource="BuiltIns" Name="[nvarchar]" />
										</Entry>
									</Relationship>
								</Element>
							</Entry>
						</Relationship>
					</Element>
				</Entry>
				<Entry>
					<Element Type="SqlSimpleColumn" Name="[dbo].[BachelorPlans].[UniReq]">
						<Relationship Name="TypeSpecifier">
							<Entry>
								<Element Type="SqlTypeSpecifier">
									<Property Name="Length" Value="250" />
									<Relationship Name="Type">
										<Entry>
											<References ExternalSource="BuiltIns" Name="[nvarchar]" />
										</Entry>
									</Relationship>
								</Element>
							</Entry>
						</Relationship>
					</Element>
				</Entry>
				<Entry>
					<Element Type="SqlSimpleColumn" Name="[dbo].[BachelorPlans].[CollegeReq]">
						<Relationship Name="TypeSpecifier">
							<Entry>
								<Element Type="SqlTypeSpecifier">
									<Property Name="Length" Value="250" />
									<Relationship Name="Type">
										<Entry>
											<References ExternalSource="BuiltIns" Name="[nvarchar]" />
										</Entry>
									</Relationship>
								</Element>
							</Entry>
						</Relationship>
					</Element>
				</Entry>
				<Entry>
					<Element Type="SqlSimpleColumn" Name="[dbo].[BachelorPlans].[MajorHours]">
						<Relationship Name="TypeSpecifier">
							<Entry>
								<Element Type="SqlTypeSpecifier">
									<Property Name="Length" Value="250" />
									<Relationship Name="Type">
										<Entry>
											<References ExternalSource="BuiltIns" Name="[nvarchar]" />
										</Entry>
									</Relationship>
								</Element>
							</Entry>
						</Relationship>
					</Element>
				</Entry>
				<Entry>
					<Element Type="SqlSimpleColumn" Name="[dbo].[BachelorPlans].[CompulsoryDeptReq]">
						<Relationship Name="TypeSpecifier">
							<Entry>
								<Element Type="SqlTypeSpecifier">
									<Property Name="Length" Value="250" />
									<Relationship Name="Type">
										<Entry>
											<References ExternalSource="BuiltIns" Name="[nvarchar]" />
										</Entry>
									</Relationship>
								</Element>
							</Entry>
						</Relationship>
					</Element>
				</Entry>
				<Entry>
					<Element Type="SqlSimpleColumn" Name="[dbo].[BachelorPlans].[OptionalDeptReq]">
						<Relationship Name="TypeSpecifier">
							<Entry>
								<Element Type="SqlTypeSpecifier">
									<Property Name="Length" Value="250" />
									<Relationship Name="Type">
										<Entry>
											<References ExternalSource="BuiltIns" Name="[nvarchar]" />
										</Entry>
									</Relationship>
								</Element>
							</Entry>
						</Relationship>
					</Element>
				</Entry>
				<Entry>
					<Element Type="SqlSimpleColumn" Name="[dbo].[BachelorPlans].[Total]">
						<Relationship Name="TypeSpecifier">
							<Entry>
								<Element Type="SqlTypeSpecifier">
									<Property Name="Length" Value="250" />
									<Relationship Name="Type">
										<Entry>
											<References ExternalSource="BuiltIns" Name="[nvarchar]" />
										</Entry>
									</Relationship>
								</Element>
							</Entry>
						</Relationship>
					</Element>
				</Entry>
				<Entry>
					<Element Type="SqlSimpleColumn" Name="[dbo].[BachelorPlans].[DeptSymbol]">
						<Relationship Name="TypeSpecifier">
							<Entry>
								<Element Type="SqlTypeSpecifier">
									<Property Name="Length" Value="250" />
									<Relationship Name="Type">
										<Entry>
											<References ExternalSource="BuiltIns" Name="[nvarchar]" />
										</Entry>
									</Relationship>
								</Element>
							</Entry>
						</Relationship>
					</Element>
				</Entry>
				<Entry>
					<Element Type="SqlSimpleColumn" Name="[dbo].[BachelorPlans].[DeptName]">
						<Relationship Name="TypeSpecifier">
							<Entry>
								<Element Type="SqlTypeSpecifier">
									<Property Name="Length" Value="250" />
									<Relationship Name="Type">
										<Entry>
											<References ExternalSource="BuiltIns" Name="[nvarchar]" />
										</Entry>
									</Relationship>
								</Element>
							</Entry>
						</Relationship>
					</Element>
				</Entry>
				<Entry>
					<Element Type="SqlSimpleColumn" Name="[dbo].[BachelorPlans].[DomainSymbol]">
						<Relationship Name="TypeSpecifier">
							<Entry>
								<Element Type="SqlTypeSpecifier">
									<Property Name="Length" Value="250" />
									<Relationship Name="Type">
										<Entry>
											<References ExternalSource="BuiltIns" Name="[nvarchar]" />
										</Entry>
									</Relationship>
								</Element>
							</Entry>
						</Relationship>
					</Element>
				</Entry>
				<Entry>
					<Element Type="SqlSimpleColumn" Name="[dbo].[BachelorPlans].[MajorTitle]">
						<Relationship Name="TypeSpecifier">
							<Entry>
								<Element Type="SqlTypeSpecifier">
									<Property Name="Length" Value="250" />
									<Relationship Name="Type">
										<Entry>
											<References ExternalSource="BuiltIns" Name="[nvarchar]" />
										</Entry>
									</Relationship>
								</Element>
							</Entry>
						</Relationship>
					</Element>
				</Entry>
				<Entry>
					<Element Type="SqlSimpleColumn" Name="[dbo].[BachelorPlans].[AllHours]">
						<Relationship Name="TypeSpecifier">
							<Entry>
								<Element Type="SqlTypeSpecifier">
									<Property Name="Length" Value="250" />
									<Relationship Name="Type">
										<Entry>
											<References ExternalSource="BuiltIns" Name="[nvarchar]" />
										</Entry>
									</Relationship>
								</Element>
							</Entry>
						</Relationship>
					</Element>
				</Entry>
				<Entry>
					<Element Type="SqlSimpleColumn" Name="[dbo].[BachelorPlans].[CompulsoryHours]">
						<Relationship Name="TypeSpecifier">
							<Entry>
								<Element Type="SqlTypeSpecifier">
									<Property Name="Length" Value="250" />
									<Relationship Name="Type">
										<Entry>
											<References ExternalSource="BuiltIns" Name="[nvarchar]" />
										</Entry>
									</Relationship>
								</Element>
							</Entry>
						</Relationship>
					</Element>
				</Entry>
				<Entry>
					<Element Type="SqlSimpleColumn" Name="[dbo].[BachelorPlans].[CommunityService]">
						<Relationship Name="TypeSpecifier">
							<Entry>
								<Element Type="SqlTypeSpecifier">
									<Property Name="Length" Value="250" />
									<Relationship Name="Type">
										<Entry>
											<References ExternalSource="BuiltIns" Name="[nvarchar]" />
										</Entry>
									</Relationship>
								</Element>
							</Entry>
						</Relationship>
					</Element>
				</Entry>
				<Entry>
					<Element Type="SqlSimpleColumn" Name="[dbo].[BachelorPlans].[ComputerExam]">
						<Relationship Name="TypeSpecifier">
							<Entry>
								<Element Type="SqlTypeSpecifier">
									<Property Name="Length" Value="250" />
									<Relationship Name="Type">
										<Entry>
											<References ExternalSource="BuiltIns" Name="[nvarchar]" />
										</Entry>
									</Relationship>
								</Element>
							</Entry>
						</Relationship>
					</Element>
				</Entry>
				<Entry>
					<Element Type="SqlSimpleColumn" Name="[dbo].[BachelorPlans].[ArabicExam]">
						<Relationship Name="TypeSpecifier">
							<Entry>
								<Element Type="SqlTypeSpecifier">
									<Property Name="Length" Value="250" />
									<Relationship Name="Type">
										<Entry>
											<References ExternalSource="BuiltIns" Name="[nvarchar]" />
										</Entry>
									</Relationship>
								</Element>
							</Entry>
						</Relationship>
					</Element>
				</Entry>
				<Entry>
					<Element Type="SqlSimpleColumn" Name="[dbo].[BachelorPlans].[EnglishExam]">
						<Relationship Name="TypeSpecifier">
							<Entry>
								<Element Type="SqlTypeSpecifier">
									<Property Name="Length" Value="250" />
									<Relationship Name="Type">
										<Entry>
											<References ExternalSource="BuiltIns" Name="[nvarchar]" />
										</Entry>
									</Relationship>
								</Element>
							</Entry>
						</Relationship>
					</Element>
				</Entry>
				<Entry>
					<Element Type="SqlSimpleColumn" Name="[dbo].[BachelorPlans].[MilitaryScience]">
						<Relationship Name="TypeSpecifier">
							<Entry>
								<Element Type="SqlTypeSpecifier">
									<Property Name="Length" Value="250" />
									<Relationship Name="Type">
										<Entry>
											<References ExternalSource="BuiltIns" Name="[nvarchar]" />
										</Entry>
									</Relationship>
								</Element>
							</Entry>
						</Relationship>
					</Element>
				</Entry>
				<Entry>
					<Element Type="SqlSimpleColumn" Name="[dbo].[BachelorPlans].[NationalCulture]">
						<Relationship Name="TypeSpecifier">
							<Entry>
								<Element Type="SqlTypeSpecifier">
									<Property Name="Length" Value="250" />
									<Relationship Name="Type">
										<Entry>
											<References ExternalSource="BuiltIns" Name="[nvarchar]" />
										</Entry>
									</Relationship>
								</Element>
							</Entry>
						</Relationship>
					</Element>
				</Entry>
				<Entry>
					<Element Type="SqlSimpleColumn" Name="[dbo].[BachelorPlans].[EthicsAndHumanValues]">
						<Relationship Name="TypeSpecifier">
							<Entry>
								<Element Type="SqlTypeSpecifier">
									<Property Name="Length" Value="250" />
									<Relationship Name="Type">
										<Entry>
											<References ExternalSource="BuiltIns" Name="[nvarchar]" />
										</Entry>
									</Relationship>
								</Element>
							</Entry>
						</Relationship>
					</Element>
				</Entry>
				<Entry>
					<Element Type="SqlSimpleColumn" Name="[dbo].[BachelorPlans].[LeadershipInnovation]">
						<Relationship Name="TypeSpecifier">
							<Entry>
								<Element Type="SqlTypeSpecifier">
									<Property Name="Length" Value="250" />
									<Relationship Name="Type">
										<Entry>
											<References ExternalSource="BuiltIns" Name="[nvarchar]" />
										</Entry>
									</Relationship>
								</Element>
							</Entry>
						</Relationship>
					</Element>
				</Entry>
				<Entry>
					<Element Type="SqlSimpleColumn" Name="[dbo].[BachelorPlans].[LifeAndPracticalSkills]">
						<Relationship Name="TypeSpecifier">
							<Entry>
								<Element Type="SqlTypeSpecifier">
									<Property Name="Length" Value="250" />
									<Relationship Name="Type">
										<Entry>
											<References ExternalSource="BuiltIns" Name="[nvarchar]" />
										</Entry>
									</Relationship>
								</Element>
							</Entry>
						</Relationship>
					</Element>
				</Entry>
				<Entry>
					<Element Type="SqlSimpleColumn" Name="[dbo].[BachelorPlans].[IntroductionToPhilosophy]">
						<Relationship Name="TypeSpecifier">
							<Entry>
								<Element Type="SqlTypeSpecifier">
									<Property Name="Length" Value="250" />
									<Relationship Name="Type">
										<Entry>
											<References ExternalSource="BuiltIns" Name="[nvarchar]" />
										</Entry>
									</Relationship>
								</Element>
							</Entry>
						</Relationship>
					</Element>
				</Entry>
				<Entry>
					<Element Type="SqlSimpleColumn" Name="[dbo].[BachelorPlans].[Islamic]">
						<Relationship Name="TypeSpecifier">
							<Entry>
								<Element Type="SqlTypeSpecifier">
									<Property Name="Length" Value="250" />
									<Relationship Name="Type">
										<Entry>
											<References ExternalSource="BuiltIns" Name="[nvarchar]" />
										</Entry>
									</Relationship>
								</Element>
							</Entry>
						</Relationship>
					</Element>
				</Entry>
				<Entry>
					<Element Type="SqlSimpleColumn" Name="[dbo].[BachelorPlans].[ArabIslamicCivilization]">
						<Relationship Name="TypeSpecifier">
							<Entry>
								<Element Type="SqlTypeSpecifier">
									<Property Name="Length" Value="250" />
									<Relationship Name="Type">
										<Entry>
											<References ExternalSource="BuiltIns" Name="[nvarchar]" />
										</Entry>
									</Relationship>
								</Element>
							</Entry>
						</Relationship>
					</Element>
				</Entry>
				<Entry>
					<Element Type="SqlSimpleColumn" Name="[dbo].[BachelorPlans].[JordanHistory]">
						<Relationship Name="TypeSpecifier">
							<Entry>
								<Element Type="SqlTypeSpecifier">
									<Property Name="Length" Value="250" />
									<Relationship Name="Type">
										<Entry>
											<References ExternalSource="BuiltIns" Name="[nvarchar]" />
										</Entry>
									</Relationship>
								</Element>
							</Entry>
						</Relationship>
					</Element>
				</Entry>
				<Entry>
					<Element Type="SqlSimpleColumn" Name="[dbo].[BachelorPlans].[MothersOfBooks]">
						<Relationship Name="TypeSpecifier">
							<Entry>
								<Element Type="SqlTypeSpecifier">
									<Property Name="Length" Value="250" />
									<Relationship Name="Type">
										<Entry>
											<References ExternalSource="BuiltIns" Name="[nvarchar]" />
										</Entry>
									</Relationship>
								</Element>
							</Entry>
						</Relationship>
					</Element>
				</Entry>
				<Entry>
					<Element Type="SqlSimpleColumn" Name="[dbo].[BachelorPlans].[Jerusalem]">
						<Relationship Name="TypeSpecifier">
							<Entry>
								<Element Type="SqlTypeSpecifier">
									<Property Name="Length" Value="250" />
									<Relationship Name="Type">
										<Entry>
											<References ExternalSource="BuiltIns" Name="[nvarchar]" />
										</Entry>
									</Relationship>
								</Element>
							</Entry>
						</Relationship>
					</Element>
				</Entry>
				<Entry>
					<Element Type="SqlSimpleColumn" Name="[dbo].[BachelorPlans].[EnvironmentalCultureAndDevelopment]">
						<Relationship Name="TypeSpecifier">
							<Entry>
								<Element Type="SqlTypeSpecifier">
									<Property Name="Length" Value="250" />
									<Relationship Name="Type">
										<Entry>
											<References ExternalSource="BuiltIns" Name="[nvarchar]" />
										</Entry>
									</Relationship>
								</Element>
							</Entry>
						</Relationship>
					</Element>
				</Entry>
				<Entry>
					<Element Type="SqlSimpleColumn" Name="[dbo].[BachelorPlans].[IslamicCulture]">
						<Relationship Name="TypeSpecifier">
							<Entry>
								<Element Type="SqlTypeSpecifier">
									<Property Name="Length" Value="250" />
									<Relationship Name="Type">
										<Entry>
											<References ExternalSource="BuiltIns" Name="[nvarchar]" />
										</Entry>
									</Relationship>
								</Element>
							</Entry>
						</Relationship>
					</Element>
				</Entry>
				<Entry>
					<Element Type="SqlSimpleColumn" Name="[dbo].[BachelorPlans].[HealthCulture]">
						<Relationship Name="TypeSpecifier">
							<Entry>
								<Element Type="SqlTypeSpecifier">
									<Property Name="Length" Value="250" />
									<Relationship Name="Type">
										<Entry>
											<References ExternalSource="BuiltIns" Name="[nvarchar]" />
										</Entry>
									</Relationship>
								</Element>
							</Entry>
						</Relationship>
					</Element>
				</Entry>
				<Entry>
					<Element Type="SqlSimpleColumn" Name="[dbo].[BachelorPlans].[LegalCulture]">
						<Relationship Name="TypeSpecifier">
							<Entry>
								<Element Type="SqlTypeSpecifier">
									<Property Name="Length" Value="250" />
									<Relationship Name="Type">
										<Entry>
											<References ExternalSource="BuiltIns" Name="[nvarchar]" />
										</Entry>
									</Relationship>
								</Element>
							</Entry>
						</Relationship>
					</Element>
				</Entry>
				<Entry>
					<Element Type="SqlSimpleColumn" Name="[dbo].[BachelorPlans].[PhysicalCulture]">
						<Relationship Name="TypeSpecifier">
							<Entry>
								<Element Type="SqlTypeSpecifier">
									<Property Name="Length" Value="250" />
									<Relationship Name="Type">
										<Entry>
											<References ExternalSource="BuiltIns" Name="[nvarchar]" />
										</Entry>
									</Relationship>
								</Element>
							</Entry>
						</Relationship>
					</Element>
				</Entry>
				<Entry>
					<Element Type="SqlSimpleColumn" Name="[dbo].[BachelorPlans].[Ecommerce]">
						<Relationship Name="TypeSpecifier">
							<Entry>
								<Element Type="SqlTypeSpecifier">
									<Property Name="Length" Value="250" />
									<Relationship Name="Type">
										<Entry>
											<References ExternalSource="BuiltIns" Name="[nvarchar]" />
										</Entry>
									</Relationship>
								</Element>
							</Entry>
						</Relationship>
					</Element>
				</Entry>
				<Entry>
					<Element Type="SqlSimpleColumn" Name="[dbo].[BachelorPlans].[SocialMedia]">
						<Relationship Name="TypeSpecifier">
							<Entry>
								<Element Type="SqlTypeSpecifier">
									<Property Name="Length" Value="250" />
									<Relationship Name="Type">
										<Entry>
											<References ExternalSource="BuiltIns" Name="[nvarchar]" />
										</Entry>
									</Relationship>
								</Element>
							</Entry>
						</Relationship>
					</Element>
				</Entry>
				<Entry>
					<Element Type="SqlSimpleColumn" Name="[dbo].[BachelorPlans].[ArtAppreciation]">
						<Relationship Name="TypeSpecifier">
							<Entry>
								<Element Type="SqlTypeSpecifier">
									<Property Name="Length" Value="250" />
									<Relationship Name="Type">
										<Entry>
											<References ExternalSource="BuiltIns" Name="[nvarchar]" />
										</Entry>
									</Relationship>
								</Element>
							</Entry>
						</Relationship>
					</Element>
				</Entry>
				<Entry>
					<Element Type="SqlSimpleColumn" Name="[dbo].[BachelorPlans].[ForeignLanguage]">
						<Relationship Name="TypeSpecifier">
							<Entry>
								<Element Type="SqlTypeSpecifier">
									<Property Name="Length" Value="250" />
									<Relationship Name="Type">
										<Entry>
											<References ExternalSource="BuiltIns" Name="[nvarchar]" />
										</Entry>
									</Relationship>
								</Element>
							</Entry>
						</Relationship>
					</Element>
				</Entry>
				<Entry>
					<Element Type="SqlSimpleColumn" Name="[dbo].[BachelorPlans].[SpecialTopic]">
						<Relationship Name="TypeSpecifier">
							<Entry>
								<Element Type="SqlTypeSpecifier">
									<Property Name="Length" Value="250" />
									<Relationship Name="Type">
										<Entry>
											<References ExternalSource="BuiltIns" Name="[nvarchar]" />
										</Entry>
									</Relationship>
								</Element>
							</Entry>
						</Relationship>
					</Element>
				</Entry>
				<Entry>
					<Element Type="SqlSimpleColumn" Name="[dbo].[BachelorPlans].[CollegeHours]">
						<Relationship Name="TypeSpecifier">
							<Entry>
								<Element Type="SqlTypeSpecifier">
									<Property Name="Length" Value="250" />
									<Relationship Name="Type">
										<Entry>
											<References ExternalSource="BuiltIns" Name="[nvarchar]" />
										</Entry>
									</Relationship>
								</Element>
							</Entry>
						</Relationship>
					</Element>
				</Entry>
				<Entry>
					<Element Type="SqlSimpleColumn" Name="[dbo].[BachelorPlans].[CollegeCompulsoryHours]">
						<Relationship Name="TypeSpecifier">
							<Entry>
								<Element Type="SqlTypeSpecifier">
									<Property Name="Length" Value="250" />
									<Relationship Name="Type">
										<Entry>
											<References ExternalSource="BuiltIns" Name="[nvarchar]" />
										</Entry>
									</Relationship>
								</Element>
							</Entry>
						</Relationship>
					</Element>
				</Entry>
				<Entry>
					<Element Type="SqlSimpleColumn" Name="[dbo].[BachelorPlans].[CompulsorySubjectNumber1]">
						<Relationship Name="TypeSpecifier">
							<Entry>
								<Element Type="SqlTypeSpecifier">
									<Property Name="Length" Value="250" />
									<Relationship Name="Type">
										<Entry>
											<References ExternalSource="BuiltIns" Name="[nvarchar]" />
										</Entry>
									</Relationship>
								</Element>
							</Entry>
						</Relationship>
					</Element>
				</Entry>
				<Entry>
					<Element Type="SqlSimpleColumn" Name="[dbo].[BachelorPlans].[CompulsorySubjectNumber2]">
						<Relationship Name="TypeSpecifier">
							<Entry>
								<Element Type="SqlTypeSpecifier">
									<Property Name="Length" Value="250" />
									<Relationship Name="Type">
										<Entry>
											<References ExternalSource="BuiltIns" Name="[nvarchar]" />
										</Entry>
									</Relationship>
								</Element>
							</Entry>
						</Relationship>
					</Element>
				</Entry>
				<Entry>
					<Element Type="SqlSimpleColumn" Name="[dbo].[BachelorPlans].[CompulsorySubjectNumber3]">
						<Relationship Name="TypeSpecifier">
							<Entry>
								<Element Type="SqlTypeSpecifier">
									<Property Name="Length" Value="250" />
									<Relationship Name="Type">
										<Entry>
											<References ExternalSource="BuiltIns" Name="[nvarchar]" />
										</Entry>
									</Relationship>
								</Element>
							</Entry>
						</Relationship>
					</Element>
				</Entry>
				<Entry>
					<Element Type="SqlSimpleColumn" Name="[dbo].[BachelorPlans].[CompulsorySubjectNumber4]">
						<Relationship Name="TypeSpecifier">
							<Entry>
								<Element Type="SqlTypeSpecifier">
									<Property Name="Length" Value="250" />
									<Relationship Name="Type">
										<Entry>
											<References ExternalSource="BuiltIns" Name="[nvarchar]" />
										</Entry>
									</Relationship>
								</Element>
							</Entry>
						</Relationship>
					</Element>
				</Entry>
				<Entry>
					<Element Type="SqlSimpleColumn" Name="[dbo].[BachelorPlans].[CompulsorySubjectNumber5]">
						<Relationship Name="TypeSpecifier">
							<Entry>
								<Element Type="SqlTypeSpecifier">
									<Property Name="Length" Value="250" />
									<Relationship Name="Type">
										<Entry>
											<References ExternalSource="BuiltIns" Name="[nvarchar]" />
										</Entry>
									</Relationship>
								</Element>
							</Entry>
						</Relationship>
					</Element>
				</Entry>
				<Entry>
					<Element Type="SqlSimpleColumn" Name="[dbo].[BachelorPlans].[CompulsorySubjectNumber6]">
						<Relationship Name="TypeSpecifier">
							<Entry>
								<Element Type="SqlTypeSpecifier">
									<Property Name="Length" Value="250" />
									<Relationship Name="Type">
										<Entry>
											<References ExternalSource="BuiltIns" Name="[nvarchar]" />
										</Entry>
									</Relationship>
								</Element>
							</Entry>
						</Relationship>
					</Element>
				</Entry>
				<Entry>
					<Element Type="SqlSimpleColumn" Name="[dbo].[BachelorPlans].[OptionalHours]">
						<Relationship Name="TypeSpecifier">
							<Entry>
								<Element Type="SqlTypeSpecifier">
									<Property Name="Length" Value="250" />
									<Relationship Name="Type">
										<Entry>
											<References ExternalSource="BuiltIns" Name="[nvarchar]" />
										</Entry>
									</Relationship>
								</Element>
							</Entry>
						</Relationship>
					</Element>
				</Entry>
				<Entry>
					<Element Type="SqlSimpleColumn" Name="[dbo].[BachelorPlans].[OptionalSubjectNumber1]">
						<Relationship Name="TypeSpecifier">
							<Entry>
								<Element Type="SqlTypeSpecifier">
									<Property Name="Length" Value="250" />
									<Relationship Name="Type">
										<Entry>
											<References ExternalSource="BuiltIns" Name="[nvarchar]" />
										</Entry>
									</Relationship>
								</Element>
							</Entry>
						</Relationship>
					</Element>
				</Entry>
				<Entry>
					<Element Type="SqlSimpleColumn" Name="[dbo].[BachelorPlans].[OptionalSubjectNumber2]">
						<Relationship Name="TypeSpecifier">
							<Entry>
								<Element Type="SqlTypeSpecifier">
									<Property Name="Length" Value="250" />
									<Relationship Name="Type">
										<Entry>
											<References ExternalSource="BuiltIns" Name="[nvarchar]" />
										</Entry>
									</Relationship>
								</Element>
							</Entry>
						</Relationship>
					</Element>
				</Entry>
				<Entry>
					<Element Type="SqlSimpleColumn" Name="[dbo].[BachelorPlans].[OptionalSubjectNumber3]">
						<Relationship Name="TypeSpecifier">
							<Entry>
								<Element Type="SqlTypeSpecifier">
									<Property Name="Length" Value="250" />
									<Relationship Name="Type">
										<Entry>
											<References ExternalSource="BuiltIns" Name="[nvarchar]" />
										</Entry>
									</Relationship>
								</Element>
							</Entry>
						</Relationship>
					</Element>
				</Entry>
				<Entry>
					<Element Type="SqlSimpleColumn" Name="[dbo].[BachelorPlans].[OptionalSubjectNumber4]">
						<Relationship Name="TypeSpecifier">
							<Entry>
								<Element Type="SqlTypeSpecifier">
									<Property Name="Length" Value="250" />
									<Relationship Name="Type">
										<Entry>
											<References ExternalSource="BuiltIns" Name="[nvarchar]" />
										</Entry>
									</Relationship>
								</Element>
							</Entry>
						</Relationship>
					</Element>
				</Entry>
				<Entry>
					<Element Type="SqlSimpleColumn" Name="[dbo].[BachelorPlans].[OptionalSubjectNumber5]">
						<Relationship Name="TypeSpecifier">
							<Entry>
								<Element Type="SqlTypeSpecifier">
									<Property Name="Length" Value="250" />
									<Relationship Name="Type">
										<Entry>
											<References ExternalSource="BuiltIns" Name="[nvarchar]" />
										</Entry>
									</Relationship>
								</Element>
							</Entry>
						</Relationship>
					</Element>
				</Entry>
				<Entry>
					<Element Type="SqlSimpleColumn" Name="[dbo].[BachelorPlans].[OptionalSubjectNumber6]">
						<Relationship Name="TypeSpecifier">
							<Entry>
								<Element Type="SqlTypeSpecifier">
									<Property Name="Length" Value="250" />
									<Relationship Name="Type">
										<Entry>
											<References ExternalSource="BuiltIns" Name="[nvarchar]" />
										</Entry>
									</Relationship>
								</Element>
							</Entry>
						</Relationship>
					</Element>
				</Entry>
				<Entry>
					<Element Type="SqlSimpleColumn" Name="[dbo].[BachelorPlans].[AllMajorHours]">
						<Relationship Name="TypeSpecifier">
							<Entry>
								<Element Type="SqlTypeSpecifier">
									<Property Name="Length" Value="250" />
									<Relationship Name="Type">
										<Entry>
											<References ExternalSource="BuiltIns" Name="[nvarchar]" />
										</Entry>
									</Relationship>
								</Element>
							</Entry>
						</Relationship>
					</Element>
				</Entry>
				<Entry>
					<Element Type="SqlSimpleColumn" Name="[dbo].[BachelorPlans].[CompulsoryMajorHours]">
						<Relationship Name="TypeSpecifier">
							<Entry>
								<Element Type="SqlTypeSpecifier">
									<Property Name="Length" Value="250" />
									<Relationship Name="Type">
										<Entry>
											<References ExternalSource="BuiltIns" Name="[nvarchar]" />
										</Entry>
									</Relationship>
								</Element>
							</Entry>
						</Relationship>
					</Element>
				</Entry>
				<Entry>
					<Element Type="SqlSimpleColumn" Name="[dbo].[BachelorPlans].[CompulsoryMajorNumber1]">
						<Relationship Name="TypeSpecifier">
							<Entry>
								<Element Type="SqlTypeSpecifier">
									<Property Name="Length" Value="250" />
									<Relationship Name="Type">
										<Entry>
											<References ExternalSource="BuiltIns" Name="[nvarchar]" />
										</Entry>
									</Relationship>
								</Element>
							</Entry>
						</Relationship>
					</Element>
				</Entry>
				<Entry>
					<Element Type="SqlSimpleColumn" Name="[dbo].[BachelorPlans].[CompulsoryMajorNumber2]">
						<Relationship Name="TypeSpecifier">
							<Entry>
								<Element Type="SqlTypeSpecifier">
									<Property Name="Length" Value="250" />
									<Relationship Name="Type">
										<Entry>
											<References ExternalSource="BuiltIns" Name="[nvarchar]" />
										</Entry>
									</Relationship>
								</Element>
							</Entry>
						</Relationship>
					</Element>
				</Entry>
				<Entry>
					<Element Type="SqlSimpleColumn" Name="[dbo].[BachelorPlans].[CompulsoryMajorNumber3]">
						<Relationship Name="TypeSpecifier">
							<Entry>
								<Element Type="SqlTypeSpecifier">
									<Property Name="Length" Value="250" />
									<Relationship Name="Type">
										<Entry>
											<References ExternalSource="BuiltIns" Name="[nvarchar]" />
										</Entry>
									</Relationship>
								</Element>
							</Entry>
						</Relationship>
					</Element>
				</Entry>
				<Entry>
					<Element Type="SqlSimpleColumn" Name="[dbo].[BachelorPlans].[CompulsoryMajorNumber4]">
						<Relationship Name="TypeSpecifier">
							<Entry>
								<Element Type="SqlTypeSpecifier">
									<Property Name="Length" Value="250" />
									<Relationship Name="Type">
										<Entry>
											<References ExternalSource="BuiltIns" Name="[nvarchar]" />
										</Entry>
									</Relationship>
								</Element>
							</Entry>
						</Relationship>
					</Element>
				</Entry>
				<Entry>
					<Element Type="SqlSimpleColumn" Name="[dbo].[BachelorPlans].[CompulsoryMajorNumber5]">
						<Relationship Name="TypeSpecifier">
							<Entry>
								<Element Type="SqlTypeSpecifier">
									<Property Name="Length" Value="250" />
									<Relationship Name="Type">
										<Entry>
											<References ExternalSource="BuiltIns" Name="[nvarchar]" />
										</Entry>
									</Relationship>
								</Element>
							</Entry>
						</Relationship>
					</Element>
				</Entry>
				<Entry>
					<Element Type="SqlSimpleColumn" Name="[dbo].[BachelorPlans].[CompulsoryMajorNumber6]">
						<Relationship Name="TypeSpecifier">
							<Entry>
								<Element Type="SqlTypeSpecifier">
									<Property Name="Length" Value="250" />
									<Relationship Name="Type">
										<Entry>
											<References ExternalSource="BuiltIns" Name="[nvarchar]" />
										</Entry>
									</Relationship>
								</Element>
							</Entry>
						</Relationship>
					</Element>
				</Entry>
				<Entry>
					<Element Type="SqlSimpleColumn" Name="[dbo].[BachelorPlans].[OptionalMajorHours]">
						<Relationship Name="TypeSpecifier">
							<Entry>
								<Element Type="SqlTypeSpecifier">
									<Property Name="Length" Value="250" />
									<Relationship Name="Type">
										<Entry>
											<References ExternalSource="BuiltIns" Name="[nvarchar]" />
										</Entry>
									</Relationship>
								</Element>
							</Entry>
						</Relationship>
					</Element>
				</Entry>
				<Entry>
					<Element Type="SqlSimpleColumn" Name="[dbo].[BachelorPlans].[OptionalMajorNumber1]">
						<Relationship Name="TypeSpecifier">
							<Entry>
								<Element Type="SqlTypeSpecifier">
									<Property Name="Length" Value="250" />
									<Relationship Name="Type">
										<Entry>
											<References ExternalSource="BuiltIns" Name="[nvarchar]" />
										</Entry>
									</Relationship>
								</Element>
							</Entry>
						</Relationship>
					</Element>
				</Entry>
				<Entry>
					<Element Type="SqlSimpleColumn" Name="[dbo].[BachelorPlans].[OptionalMajorNumber2]">
						<Relationship Name="TypeSpecifier">
							<Entry>
								<Element Type="SqlTypeSpecifier">
									<Property Name="Length" Value="250" />
									<Relationship Name="Type">
										<Entry>
											<References ExternalSource="BuiltIns" Name="[nvarchar]" />
										</Entry>
									</Relationship>
								</Element>
							</Entry>
						</Relationship>
					</Element>
				</Entry>
				<Entry>
					<Element Type="SqlSimpleColumn" Name="[dbo].[BachelorPlans].[OptionalMajorNumber3]">
						<Relationship Name="TypeSpecifier">
							<Entry>
								<Element Type="SqlTypeSpecifier">
									<Property Name="Length" Value="250" />
									<Relationship Name="Type">
										<Entry>
											<References ExternalSource="BuiltIns" Name="[nvarchar]" />
										</Entry>
									</Relationship>
								</Element>
							</Entry>
						</Relationship>
					</Element>
				</Entry>
				<Entry>
					<Element Type="SqlSimpleColumn" Name="[dbo].[BachelorPlans].[OptionalMajorNumber4]">
						<Relationship Name="TypeSpecifier">
							<Entry>
								<Element Type="SqlTypeSpecifier">
									<Property Name="Length" Value="250" />
									<Relationship Name="Type">
										<Entry>
											<References ExternalSource="BuiltIns" Name="[nvarchar]" />
										</Entry>
									</Relationship>
								</Element>
							</Entry>
						</Relationship>
					</Element>
				</Entry>
				<Entry>
					<Element Type="SqlSimpleColumn" Name="[dbo].[BachelorPlans].[OptionalMajorNumber5]">
						<Relationship Name="TypeSpecifier">
							<Entry>
								<Element Type="SqlTypeSpecifier">
									<Property Name="Length" Value="250" />
									<Relationship Name="Type">
										<Entry>
											<References ExternalSource="BuiltIns" Name="[nvarchar]" />
										</Entry>
									</Relationship>
								</Element>
							</Entry>
						</Relationship>
					</Element>
				</Entry>
				<Entry>
					<Element Type="SqlSimpleColumn" Name="[dbo].[BachelorPlans].[OptionalMajorNumber6]">
						<Relationship Name="TypeSpecifier">
							<Entry>
								<Element Type="SqlTypeSpecifier">
									<Property Name="Length" Value="250" />
									<Relationship Name="Type">
										<Entry>
											<References ExternalSource="BuiltIns" Name="[nvarchar]" />
										</Entry>
									</Relationship>
								</Element>
							</Entry>
						</Relationship>
					</Element>
				</Entry>
				<Entry>
					<Element Type="SqlSimpleColumn" Name="[dbo].[BachelorPlans].[OtherNumber1]">
						<Relationship Name="TypeSpecifier">
							<Entry>
								<Element Type="SqlTypeSpecifier">
									<Property Name="Length" Value="250" />
									<Relationship Name="Type">
										<Entry>
											<References ExternalSource="BuiltIns" Name="[nvarchar]" />
										</Entry>
									</Relationship>
								</Element>
							</Entry>
						</Relationship>
					</Element>
				</Entry>
				<Entry>
					<Element Type="SqlSimpleColumn" Name="[dbo].[BachelorPlans].[OtherNumber2]">
						<Relationship Name="TypeSpecifier">
							<Entry>
								<Element Type="SqlTypeSpecifier">
									<Property Name="Length" Value="250" />
									<Relationship Name="Type">
										<Entry>
											<References ExternalSource="BuiltIns" Name="[nvarchar]" />
										</Entry>
									</Relationship>
								</Element>
							</Entry>
						</Relationship>
					</Element>
				</Entry>
				<Entry>
					<Element Type="SqlSimpleColumn" Name="[dbo].[BachelorPlans].[OtherNumber3]">
						<Relationship Name="TypeSpecifier">
							<Entry>
								<Element Type="SqlTypeSpecifier">
									<Property Name="Length" Value="250" />
									<Relationship Name="Type">
										<Entry>
											<References ExternalSource="BuiltIns" Name="[nvarchar]" />
										</Entry>
									</Relationship>
								</Element>
							</Entry>
						</Relationship>
					</Element>
				</Entry>
				<Entry>
					<Element Type="SqlSimpleColumn" Name="[dbo].[BachelorPlans].[OtherNumber4]">
						<Relationship Name="TypeSpecifier">
							<Entry>
								<Element Type="SqlTypeSpecifier">
									<Property Name="Length" Value="250" />
									<Relationship Name="Type">
										<Entry>
											<References ExternalSource="BuiltIns" Name="[nvarchar]" />
										</Entry>
									</Relationship>
								</Element>
							</Entry>
						</Relationship>
					</Element>
				</Entry>
				<Entry>
					<Element Type="SqlSimpleColumn" Name="[dbo].[BachelorPlans].[OtherNumber5]">
						<Relationship Name="TypeSpecifier">
							<Entry>
								<Element Type="SqlTypeSpecifier">
									<Property Name="Length" Value="250" />
									<Relationship Name="Type">
										<Entry>
											<References ExternalSource="BuiltIns" Name="[nvarchar]" />
										</Entry>
									</Relationship>
								</Element>
							</Entry>
						</Relationship>
					</Element>
				</Entry>
				<Entry>
					<Element Type="SqlSimpleColumn" Name="[dbo].[BachelorPlans].[OtherNumber6]">
						<Relationship Name="TypeSpecifier">
							<Entry>
								<Element Type="SqlTypeSpecifier">
									<Property Name="Length" Value="250" />
									<Relationship Name="Type">
										<Entry>
											<References ExternalSource="BuiltIns" Name="[nvarchar]" />
										</Entry>
									</Relationship>
								</Element>
							</Entry>
						</Relationship>
					</Element>
				</Entry>
				<Entry>
					<Element Type="SqlSimpleColumn" Name="[dbo].[BachelorPlans].[Describe]">
						<Relationship Name="TypeSpecifier">
							<Entry>
								<Element Type="SqlTypeSpecifier">
									<Property Name="Length" Value="250" />
									<Relationship Name="Type">
										<Entry>
											<References ExternalSource="BuiltIns" Name="[nvarchar]" />
										</Entry>
									</Relationship>
								</Element>
							</Entry>
						</Relationship>
					</Element>
				</Entry>
			</Relationship>
			<Relationship Name="Schema">
				<Entry>
					<References ExternalSource="BuiltIns" Name="[dbo]" />
				</Entry>
			</Relationship>
		</Element>
		<Element Type="SqlTable" Name="[dbo].[DiplomaPlans]">
			<Property Name="IsAnsiNullsOn" Value="True" />
			<Relationship Name="Columns">
				<Entry>
					<Element Type="SqlSimpleColumn" Name="[dbo].[DiplomaPlans].[CollegeConcerned]">
						<Relationship Name="TypeSpecifier">
							<Entry>
								<Element Type="SqlTypeSpecifier">
									<Property Name="Length" Value="250" />
									<Relationship Name="Type">
										<Entry>
											<References ExternalSource="BuiltIns" Name="[nvarchar]" />
										</Entry>
									</Relationship>
								</Element>
							</Entry>
						</Relationship>
					</Element>
				</Entry>
				<Entry>
					<Element Type="SqlSimpleColumn" Name="[dbo].[DiplomaPlans].[DepartmentResponsible]">
						<Relationship Name="TypeSpecifier">
							<Entry>
								<Element Type="SqlTypeSpecifier">
									<Property Name="Length" Value="250" />
									<Relationship Name="Type">
										<Entry>
											<References ExternalSource="BuiltIns" Name="[nvarchar]" />
										</Entry>
									</Relationship>
								</Element>
							</Entry>
						</Relationship>
					</Element>
				</Entry>
				<Entry>
					<Element Type="SqlSimpleColumn" Name="[dbo].[DiplomaPlans].[DegreeArabic]">
						<Relationship Name="TypeSpecifier">
							<Entry>
								<Element Type="SqlTypeSpecifier">
									<Property Name="Length" Value="250" />
									<Relationship Name="Type">
										<Entry>
											<References ExternalSource="BuiltIns" Name="[nvarchar]" />
										</Entry>
									</Relationship>
								</Element>
							</Entry>
						</Relationship>
					</Element>
				</Entry>
				<Entry>
					<Element Type="SqlSimpleColumn" Name="[dbo].[DiplomaPlans].[DegreeEnglish]">
						<Relationship Name="TypeSpecifier">
							<Entry>
								<Element Type="SqlTypeSpecifier">
									<Property Name="Length" Value="250" />
									<Relationship Name="Type">
										<Entry>
											<References ExternalSource="BuiltIns" Name="[nvarchar]" />
										</Entry>
									</Relationship>
								</Element>
							</Entry>
						</Relationship>
					</Element>
				</Entry>
				<Entry>
					<Element Type="SqlSimpleColumn" Name="[dbo].[DiplomaPlans].[Symbol]">
						<Relationship Name="TypeSpecifier">
							<Entry>
								<Element Type="SqlTypeSpecifier">
									<Property Name="Length" Value="250" />
									<Relationship Name="Type">
										<Entry>
											<References ExternalSource="BuiltIns" Name="[nvarchar]" />
										</Entry>
									</Relationship>
								</Element>
							</Entry>
						</Relationship>
					</Element>
				</Entry>
				<Entry>
					<Element Type="SqlSimpleColumn" Name="[dbo].[DiplomaPlans].[Department]">
						<Relationship Name="TypeSpecifier">
							<Entry>
								<Element Type="SqlTypeSpecifier">
									<Property Name="Length" Value="250" />
									<Relationship Name="Type">
										<Entry>
											<References ExternalSource="BuiltIns" Name="[nvarchar]" />
										</Entry>
									</Relationship>
								</Element>
							</Entry>
						</Relationship>
					</Element>
				</Entry>
				<Entry>
					<Element Type="SqlSimpleColumn" Name="[dbo].[DiplomaPlans].[FirstPriority]">
						<Relationship Name="TypeSpecifier">
							<Entry>
								<Element Type="SqlTypeSpecifier">
									<Property Name="Length" Value="250" />
									<Relationship Name="Type">
										<Entry>
											<References ExternalSource="BuiltIns" Name="[nvarchar]" />
										</Entry>
									</Relationship>
								</Element>
							</Entry>
						</Relationship>
					</Element>
				</Entry>
				<Entry>
					<Element Type="SqlSimpleColumn" Name="[dbo].[DiplomaPlans].[SecondPriority]">
						<Relationship Name="TypeSpecifier">
							<Entry>
								<Element Type="SqlTypeSpecifier">
									<Property Name="Length" Value="250" />
									<Relationship Name="Type">
										<Entry>
											<References ExternalSource="BuiltIns" Name="[nvarchar]" />
										</Entry>
									</Relationship>
								</Element>
							</Entry>
						</Relationship>
					</Element>
				</Entry>
				<Entry>
					<Element Type="SqlSimpleColumn" Name="[dbo].[DiplomaPlans].[R1PlanNumber1]">
						<Relationship Name="TypeSpecifier">
							<Entry>
								<Element Type="SqlTypeSpecifier">
									<Property Name="Length" Value="250" />
									<Relationship Name="Type">
										<Entry>
											<References ExternalSource="BuiltIns" Name="[nvarchar]" />
										</Entry>
									</Relationship>
								</Element>
							</Entry>
						</Relationship>
					</Element>
				</Entry>
				<Entry>
					<Element Type="SqlSimpleColumn" Name="[dbo].[DiplomaPlans].[R1PlanNumber2]">
						<Relationship Name="TypeSpecifier">
							<Entry>
								<Element Type="SqlTypeSpecifier">
									<Property Name="Length" Value="250" />
									<Relationship Name="Type">
										<Entry>
											<References ExternalSource="BuiltIns" Name="[nvarchar]" />
										</Entry>
									</Relationship>
								</Element>
							</Entry>
						</Relationship>
					</Element>
				</Entry>
				<Entry>
					<Element Type="SqlSimpleColumn" Name="[dbo].[DiplomaPlans].[R1PlanNumber3]">
						<Relationship Name="TypeSpecifier">
							<Entry>
								<Element Type="SqlTypeSpecifier">
									<Property Name="Length" Value="250" />
									<Relationship Name="Type">
										<Entry>
											<References ExternalSource="BuiltIns" Name="[nvarchar]" />
										</Entry>
									</Relationship>
								</Element>
							</Entry>
						</Relationship>
					</Element>
				</Entry>
				<Entry>
					<Element Type="SqlSimpleColumn" Name="[dbo].[DiplomaPlans].[R1PlanNumber4]">
						<Relationship Name="TypeSpecifier">
							<Entry>
								<Element Type="SqlTypeSpecifier">
									<Property Name="Length" Value="250" />
									<Relationship Name="Type">
										<Entry>
											<References ExternalSource="BuiltIns" Name="[nvarchar]" />
										</Entry>
									</Relationship>
								</Element>
							</Entry>
						</Relationship>
					</Element>
				</Entry>
				<Entry>
					<Element Type="SqlSimpleColumn" Name="[dbo].[DiplomaPlans].[R1PlanNumber5]">
						<Relationship Name="TypeSpecifier">
							<Entry>
								<Element Type="SqlTypeSpecifier">
									<Property Name="Length" Value="250" />
									<Relationship Name="Type">
										<Entry>
											<References ExternalSource="BuiltIns" Name="[nvarchar]" />
										</Entry>
									</Relationship>
								</Element>
							</Entry>
						</Relationship>
					</Element>
				</Entry>
				<Entry>
					<Element Type="SqlSimpleColumn" Name="[dbo].[DiplomaPlans].[R2PlanNumber1]">
						<Relationship Name="TypeSpecifier">
							<Entry>
								<Element Type="SqlTypeSpecifier">
									<Property Name="Length" Value="250" />
									<Relationship Name="Type">
										<Entry>
											<References ExternalSource="BuiltIns" Name="[nvarchar]" />
										</Entry>
									</Relationship>
								</Element>
							</Entry>
						</Relationship>
					</Element>
				</Entry>
				<Entry>
					<Element Type="SqlSimpleColumn" Name="[dbo].[DiplomaPlans].[R2PlanNumber2]">
						<Relationship Name="TypeSpecifier">
							<Entry>
								<Element Type="SqlTypeSpecifier">
									<Property Name="Length" Value="250" />
									<Relationship Name="Type">
										<Entry>
											<References ExternalSource="BuiltIns" Name="[nvarchar]" />
										</Entry>
									</Relationship>
								</Element>
							</Entry>
						</Relationship>
					</Element>
				</Entry>
				<Entry>
					<Element Type="SqlSimpleColumn" Name="[dbo].[DiplomaPlans].[R2PlanNumber3]">
						<Relationship Name="TypeSpecifier">
							<Entry>
								<Element Type="SqlTypeSpecifier">
									<Property Name="Length" Value="250" />
									<Relationship Name="Type">
										<Entry>
											<References ExternalSource="BuiltIns" Name="[nvarchar]" />
										</Entry>
									</Relationship>
								</Element>
							</Entry>
						</Relationship>
					</Element>
				</Entry>
				<Entry>
					<Element Type="SqlSimpleColumn" Name="[dbo].[DiplomaPlans].[R2PlanNumber4]">
						<Relationship Name="TypeSpecifier">
							<Entry>
								<Element Type="SqlTypeSpecifier">
									<Property Name="Length" Value="250" />
									<Relationship Name="Type">
										<Entry>
											<References ExternalSource="BuiltIns" Name="[nvarchar]" />
										</Entry>
									</Relationship>
								</Element>
							</Entry>
						</Relationship>
					</Element>
				</Entry>
				<Entry>
					<Element Type="SqlSimpleColumn" Name="[dbo].[DiplomaPlans].[R2PlanNumber5]">
						<Relationship Name="TypeSpecifier">
							<Entry>
								<Element Type="SqlTypeSpecifier">
									<Property Name="Length" Value="250" />
									<Relationship Name="Type">
										<Entry>
											<References ExternalSource="BuiltIns" Name="[nvarchar]" />
										</Entry>
									</Relationship>
								</Element>
							</Entry>
						</Relationship>
					</Element>
				</Entry>
				<Entry>
					<Element Type="SqlSimpleColumn" Name="[dbo].[DiplomaPlans].[R3PlanNumber1]">
						<Relationship Name="TypeSpecifier">
							<Entry>
								<Element Type="SqlTypeSpecifier">
									<Property Name="Length" Value="250" />
									<Relationship Name="Type">
										<Entry>
											<References ExternalSource="BuiltIns" Name="[nvarchar]" />
										</Entry>
									</Relationship>
								</Element>
							</Entry>
						</Relationship>
					</Element>
				</Entry>
				<Entry>
					<Element Type="SqlSimpleColumn" Name="[dbo].[DiplomaPlans].[R3PlanNumber2]">
						<Relationship Name="TypeSpecifier">
							<Entry>
								<Element Type="SqlTypeSpecifier">
									<Property Name="Length" Value="250" />
									<Relationship Name="Type">
										<Entry>
											<References ExternalSource="BuiltIns" Name="[nvarchar]" />
										</Entry>
									</Relationship>
								</Element>
							</Entry>
						</Relationship>
					</Element>
				</Entry>
				<Entry>
					<Element Type="SqlSimpleColumn" Name="[dbo].[DiplomaPlans].[R3PlanNumber3]">
						<Relationship Name="TypeSpecifier">
							<Entry>
								<Element Type="SqlTypeSpecifier">
									<Property Name="Length" Value="250" />
									<Relationship Name="Type">
										<Entry>
											<References ExternalSource="BuiltIns" Name="[nvarchar]" />
										</Entry>
									</Relationship>
								</Element>
							</Entry>
						</Relationship>
					</Element>
				</Entry>
				<Entry>
					<Element Type="SqlSimpleColumn" Name="[dbo].[DiplomaPlans].[R3PlanNumber4]">
						<Relationship Name="TypeSpecifier">
							<Entry>
								<Element Type="SqlTypeSpecifier">
									<Property Name="Length" Value="250" />
									<Relationship Name="Type">
										<Entry>
											<References ExternalSource="BuiltIns" Name="[nvarchar]" />
										</Entry>
									</Relationship>
								</Element>
							</Entry>
						</Relationship>
					</Element>
				</Entry>
				<Entry>
					<Element Type="SqlSimpleColumn" Name="[dbo].[DiplomaPlans].[R3PlanNumber5]">
						<Relationship Name="TypeSpecifier">
							<Entry>
								<Element Type="SqlTypeSpecifier">
									<Property Name="Length" Value="250" />
									<Relationship Name="Type">
										<Entry>
											<References ExternalSource="BuiltIns" Name="[nvarchar]" />
										</Entry>
									</Relationship>
								</Element>
							</Entry>
						</Relationship>
					</Element>
				</Entry>
				<Entry>
					<Element Type="SqlSimpleColumn" Name="[dbo].[DiplomaPlans].[R4PlanNumber1]">
						<Relationship Name="TypeSpecifier">
							<Entry>
								<Element Type="SqlTypeSpecifier">
									<Property Name="Length" Value="250" />
									<Relationship Name="Type">
										<Entry>
											<References ExternalSource="BuiltIns" Name="[nvarchar]" />
										</Entry>
									</Relationship>
								</Element>
							</Entry>
						</Relationship>
					</Element>
				</Entry>
				<Entry>
					<Element Type="SqlSimpleColumn" Name="[dbo].[DiplomaPlans].[R4PlanNumber2]">
						<Relationship Name="TypeSpecifier">
							<Entry>
								<Element Type="SqlTypeSpecifier">
									<Property Name="Length" Value="250" />
									<Relationship Name="Type">
										<Entry>
											<References ExternalSource="BuiltIns" Name="[nvarchar]" />
										</Entry>
									</Relationship>
								</Element>
							</Entry>
						</Relationship>
					</Element>
				</Entry>
				<Entry>
					<Element Type="SqlSimpleColumn" Name="[dbo].[DiplomaPlans].[R4PlanNumber3]">
						<Relationship Name="TypeSpecifier">
							<Entry>
								<Element Type="SqlTypeSpecifier">
									<Property Name="Length" Value="250" />
									<Relationship Name="Type">
										<Entry>
											<References ExternalSource="BuiltIns" Name="[nvarchar]" />
										</Entry>
									</Relationship>
								</Element>
							</Entry>
						</Relationship>
					</Element>
				</Entry>
				<Entry>
					<Element Type="SqlSimpleColumn" Name="[dbo].[DiplomaPlans].[R4PlanNumber4]">
						<Relationship Name="TypeSpecifier">
							<Entry>
								<Element Type="SqlTypeSpecifier">
									<Property Name="Length" Value="250" />
									<Relationship Name="Type">
										<Entry>
											<References ExternalSource="BuiltIns" Name="[nvarchar]" />
										</Entry>
									</Relationship>
								</Element>
							</Entry>
						</Relationship>
					</Element>
				</Entry>
				<Entry>
					<Element Type="SqlSimpleColumn" Name="[dbo].[DiplomaPlans].[R4PlanNumber5]">
						<Relationship Name="TypeSpecifier">
							<Entry>
								<Element Type="SqlTypeSpecifier">
									<Property Name="Length" Value="250" />
									<Relationship Name="Type">
										<Entry>
											<References ExternalSource="BuiltIns" Name="[nvarchar]" />
										</Entry>
									</Relationship>
								</Element>
							</Entry>
						</Relationship>
					</Element>
				</Entry>
				<Entry>
					<Element Type="SqlSimpleColumn" Name="[dbo].[DiplomaPlans].[R5PlanNumber1]">
						<Relationship Name="TypeSpecifier">
							<Entry>
								<Element Type="SqlTypeSpecifier">
									<Property Name="Length" Value="250" />
									<Relationship Name="Type">
										<Entry>
											<References ExternalSource="BuiltIns" Name="[nvarchar]" />
										</Entry>
									</Relationship>
								</Element>
							</Entry>
						</Relationship>
					</Element>
				</Entry>
				<Entry>
					<Element Type="SqlSimpleColumn" Name="[dbo].[DiplomaPlans].[R5PlanNumber2]">
						<Relationship Name="TypeSpecifier">
							<Entry>
								<Element Type="SqlTypeSpecifier">
									<Property Name="Length" Value="250" />
									<Relationship Name="Type">
										<Entry>
											<References ExternalSource="BuiltIns" Name="[nvarchar]" />
										</Entry>
									</Relationship>
								</Element>
							</Entry>
						</Relationship>
					</Element>
				</Entry>
				<Entry>
					<Element Type="SqlSimpleColumn" Name="[dbo].[DiplomaPlans].[R5PlanNumber3]">
						<Relationship Name="TypeSpecifier">
							<Entry>
								<Element Type="SqlTypeSpecifier">
									<Property Name="Length" Value="250" />
									<Relationship Name="Type">
										<Entry>
											<References ExternalSource="BuiltIns" Name="[nvarchar]" />
										</Entry>
									</Relationship>
								</Element>
							</Entry>
						</Relationship>
					</Element>
				</Entry>
				<Entry>
					<Element Type="SqlSimpleColumn" Name="[dbo].[DiplomaPlans].[R5PlanNumber4]">
						<Relationship Name="TypeSpecifier">
							<Entry>
								<Element Type="SqlTypeSpecifier">
									<Property Name="Length" Value="250" />
									<Relationship Name="Type">
										<Entry>
											<References ExternalSource="BuiltIns" Name="[nvarchar]" />
										</Entry>
									</Relationship>
								</Element>
							</Entry>
						</Relationship>
					</Element>
				</Entry>
				<Entry>
					<Element Type="SqlSimpleColumn" Name="[dbo].[DiplomaPlans].[R5PlanNumber5]">
						<Relationship Name="TypeSpecifier">
							<Entry>
								<Element Type="SqlTypeSpecifier">
									<Property Name="Length" Value="250" />
									<Relationship Name="Type">
										<Entry>
											<References ExternalSource="BuiltIns" Name="[nvarchar]" />
										</Entry>
									</Relationship>
								</Element>
							</Entry>
						</Relationship>
					</Element>
				</Entry>
				<Entry>
					<Element Type="SqlSimpleColumn" Name="[dbo].[DiplomaPlans].[R6PlanNumber1]">
						<Relationship Name="TypeSpecifier">
							<Entry>
								<Element Type="SqlTypeSpecifier">
									<Property Name="Length" Value="250" />
									<Relationship Name="Type">
										<Entry>
											<References ExternalSource="BuiltIns" Name="[nvarchar]" />
										</Entry>
									</Relationship>
								</Element>
							</Entry>
						</Relationship>
					</Element>
				</Entry>
				<Entry>
					<Element Type="SqlSimpleColumn" Name="[dbo].[DiplomaPlans].[R6PlanNumber2]">
						<Relationship Name="TypeSpecifier">
							<Entry>
								<Element Type="SqlTypeSpecifier">
									<Property Name="Length" Value="250" />
									<Relationship Name="Type">
										<Entry>
											<References ExternalSource="BuiltIns" Name="[nvarchar]" />
										</Entry>
									</Relationship>
								</Element>
							</Entry>
						</Relationship>
					</Element>
				</Entry>
				<Entry>
					<Element Type="SqlSimpleColumn" Name="[dbo].[DiplomaPlans].[R6PlanNumber3]">
						<Relationship Name="TypeSpecifier">
							<Entry>
								<Element Type="SqlTypeSpecifier">
									<Property Name="Length" Value="250" />
									<Relationship Name="Type">
										<Entry>
											<References ExternalSource="BuiltIns" Name="[nvarchar]" />
										</Entry>
									</Relationship>
								</Element>
							</Entry>
						</Relationship>
					</Element>
				</Entry>
				<Entry>
					<Element Type="SqlSimpleColumn" Name="[dbo].[DiplomaPlans].[R6PlanNumber4]">
						<Relationship Name="TypeSpecifier">
							<Entry>
								<Element Type="SqlTypeSpecifier">
									<Property Name="Length" Value="250" />
									<Relationship Name="Type">
										<Entry>
											<References ExternalSource="BuiltIns" Name="[nvarchar]" />
										</Entry>
									</Relationship>
								</Element>
							</Entry>
						</Relationship>
					</Element>
				</Entry>
				<Entry>
					<Element Type="SqlSimpleColumn" Name="[dbo].[DiplomaPlans].[R6PlanNumber5]">
						<Relationship Name="TypeSpecifier">
							<Entry>
								<Element Type="SqlTypeSpecifier">
									<Property Name="Length" Value="250" />
									<Relationship Name="Type">
										<Entry>
											<References ExternalSource="BuiltIns" Name="[nvarchar]" />
										</Entry>
									</Relationship>
								</Element>
							</Entry>
						</Relationship>
					</Element>
				</Entry>
				<Entry>
					<Element Type="SqlSimpleColumn" Name="[dbo].[DiplomaPlans].[R7PlanNumber1]">
						<Relationship Name="TypeSpecifier">
							<Entry>
								<Element Type="SqlTypeSpecifier">
									<Property Name="Length" Value="250" />
									<Relationship Name="Type">
										<Entry>
											<References ExternalSource="BuiltIns" Name="[nvarchar]" />
										</Entry>
									</Relationship>
								</Element>
							</Entry>
						</Relationship>
					</Element>
				</Entry>
				<Entry>
					<Element Type="SqlSimpleColumn" Name="[dbo].[DiplomaPlans].[R7PlanNumber2]">
						<Relationship Name="TypeSpecifier">
							<Entry>
								<Element Type="SqlTypeSpecifier">
									<Property Name="Length" Value="250" />
									<Relationship Name="Type">
										<Entry>
											<References ExternalSource="BuiltIns" Name="[nvarchar]" />
										</Entry>
									</Relationship>
								</Element>
							</Entry>
						</Relationship>
					</Element>
				</Entry>
				<Entry>
					<Element Type="SqlSimpleColumn" Name="[dbo].[DiplomaPlans].[R7PlanNumber3]">
						<Relationship Name="TypeSpecifier">
							<Entry>
								<Element Type="SqlTypeSpecifier">
									<Property Name="Length" Value="250" />
									<Relationship Name="Type">
										<Entry>
											<References ExternalSource="BuiltIns" Name="[nvarchar]" />
										</Entry>
									</Relationship>
								</Element>
							</Entry>
						</Relationship>
					</Element>
				</Entry>
				<Entry>
					<Element Type="SqlSimpleColumn" Name="[dbo].[DiplomaPlans].[R7PlanNumber4]">
						<Relationship Name="TypeSpecifier">
							<Entry>
								<Element Type="SqlTypeSpecifier">
									<Property Name="Length" Value="250" />
									<Relationship Name="Type">
										<Entry>
											<References ExternalSource="BuiltIns" Name="[nvarchar]" />
										</Entry>
									</Relationship>
								</Element>
							</Entry>
						</Relationship>
					</Element>
				</Entry>
				<Entry>
					<Element Type="SqlSimpleColumn" Name="[dbo].[DiplomaPlans].[R7PlanNumber5]">
						<Relationship Name="TypeSpecifier">
							<Entry>
								<Element Type="SqlTypeSpecifier">
									<Property Name="Length" Value="250" />
									<Relationship Name="Type">
										<Entry>
											<References ExternalSource="BuiltIns" Name="[nvarchar]" />
										</Entry>
									</Relationship>
								</Element>
							</Entry>
						</Relationship>
					</Element>
				</Entry>
				<Entry>
					<Element Type="SqlSimpleColumn" Name="[dbo].[DiplomaPlans].[R8PlanNumber1]">
						<Relationship Name="TypeSpecifier">
							<Entry>
								<Element Type="SqlTypeSpecifier">
									<Property Name="Length" Value="250" />
									<Relationship Name="Type">
										<Entry>
											<References ExternalSource="BuiltIns" Name="[nvarchar]" />
										</Entry>
									</Relationship>
								</Element>
							</Entry>
						</Relationship>
					</Element>
				</Entry>
				<Entry>
					<Element Type="SqlSimpleColumn" Name="[dbo].[DiplomaPlans].[R8PlanNumber2]">
						<Relationship Name="TypeSpecifier">
							<Entry>
								<Element Type="SqlTypeSpecifier">
									<Property Name="Length" Value="250" />
									<Relationship Name="Type">
										<Entry>
											<References ExternalSource="BuiltIns" Name="[nvarchar]" />
										</Entry>
									</Relationship>
								</Element>
							</Entry>
						</Relationship>
					</Element>
				</Entry>
				<Entry>
					<Element Type="SqlSimpleColumn" Name="[dbo].[DiplomaPlans].[R8PlanNumber3]">
						<Relationship Name="TypeSpecifier">
							<Entry>
								<Element Type="SqlTypeSpecifier">
									<Property Name="Length" Value="250" />
									<Relationship Name="Type">
										<Entry>
											<References ExternalSource="BuiltIns" Name="[nvarchar]" />
										</Entry>
									</Relationship>
								</Element>
							</Entry>
						</Relationship>
					</Element>
				</Entry>
				<Entry>
					<Element Type="SqlSimpleColumn" Name="[dbo].[DiplomaPlans].[R8PlanNumber4]">
						<Relationship Name="TypeSpecifier">
							<Entry>
								<Element Type="SqlTypeSpecifier">
									<Property Name="Length" Value="250" />
									<Relationship Name="Type">
										<Entry>
											<References ExternalSource="BuiltIns" Name="[nvarchar]" />
										</Entry>
									</Relationship>
								</Element>
							</Entry>
						</Relationship>
					</Element>
				</Entry>
				<Entry>
					<Element Type="SqlSimpleColumn" Name="[dbo].[DiplomaPlans].[R8PlanNumber5]">
						<Relationship Name="TypeSpecifier">
							<Entry>
								<Element Type="SqlTypeSpecifier">
									<Property Name="Length" Value="250" />
									<Relationship Name="Type">
										<Entry>
											<References ExternalSource="BuiltIns" Name="[nvarchar]" />
										</Entry>
									</Relationship>
								</Element>
							</Entry>
						</Relationship>
					</Element>
				</Entry>
				<Entry>
					<Element Type="SqlSimpleColumn" Name="[dbo].[DiplomaPlans].[Total1]">
						<Relationship Name="TypeSpecifier">
							<Entry>
								<Element Type="SqlTypeSpecifier">
									<Property Name="Length" Value="250" />
									<Relationship Name="Type">
										<Entry>
											<References ExternalSource="BuiltIns" Name="[nvarchar]" />
										</Entry>
									</Relationship>
								</Element>
							</Entry>
						</Relationship>
					</Element>
				</Entry>
				<Entry>
					<Element Type="SqlSimpleColumn" Name="[dbo].[DiplomaPlans].[Total2]">
						<Relationship Name="TypeSpecifier">
							<Entry>
								<Element Type="SqlTypeSpecifier">
									<Property Name="Length" Value="250" />
									<Relationship Name="Type">
										<Entry>
											<References ExternalSource="BuiltIns" Name="[nvarchar]" />
										</Entry>
									</Relationship>
								</Element>
							</Entry>
						</Relationship>
					</Element>
				</Entry>
				<Entry>
					<Element Type="SqlSimpleColumn" Name="[dbo].[DiplomaPlans].[Total3]">
						<Relationship Name="TypeSpecifier">
							<Entry>
								<Element Type="SqlTypeSpecifier">
									<Property Name="Length" Value="250" />
									<Relationship Name="Type">
										<Entry>
											<References ExternalSource="BuiltIns" Name="[nvarchar]" />
										</Entry>
									</Relationship>
								</Element>
							</Entry>
						</Relationship>
					</Element>
				</Entry>
			</Relationship>
			<Relationship Name="Schema">
				<Entry>
					<References ExternalSource="BuiltIns" Name="[dbo]" />
				</Entry>
			</Relationship>
		</Element>
		<Element Type="SqlTable" Name="[dbo].[login]">
			<Property Name="IsAnsiNullsOn" Value="True" />
			<Relationship Name="Columns">
				<Entry>
					<Element Type="SqlSimpleColumn" Name="[dbo].[login].[username]">
						<Relationship Name="TypeSpecifier">
							<Entry>
								<Element Type="SqlTypeSpecifier">
									<Property Name="Length" Value="50" />
									<Relationship Name="Type">
										<Entry>
											<References ExternalSource="BuiltIns" Name="[varchar]" />
										</Entry>
									</Relationship>
								</Element>
							</Entry>
						</Relationship>
					</Element>
				</Entry>
				<Entry>
					<Element Type="SqlSimpleColumn" Name="[dbo].[login].[password]">
						<Relationship Name="TypeSpecifier">
							<Entry>
								<Element Type="SqlTypeSpecifier">
									<Property Name="Length" Value="50" />
									<Relationship Name="Type">
										<Entry>
											<References ExternalSource="BuiltIns" Name="[varchar]" />
										</Entry>
									</Relationship>
								</Element>
							</Entry>
						</Relationship>
					</Element>
				</Entry>
			</Relationship>
			<Relationship Name="Schema">
				<Entry>
					<References ExternalSource="BuiltIns" Name="[dbo]" />
				</Entry>
			</Relationship>
		</Element>
		<Element Type="SqlTable" Name="[dbo].[MasterPlans]">
			<Property Name="IsAnsiNullsOn" Value="True" />
			<Relationship Name="Columns">
				<Entry>
					<Element Type="SqlSimpleColumn" Name="[dbo].[MasterPlans].[Id]">
						<Property Name="IsNullable" Value="False" />
						<Property Name="IsIdentity" Value="True" />
						<Relationship Name="TypeSpecifier">
							<Entry>
								<Element Type="SqlTypeSpecifier">
									<Relationship Name="Type">
										<Entry>
											<References ExternalSource="BuiltIns" Name="[int]" />
										</Entry>
									</Relationship>
								</Element>
							</Entry>
						</Relationship>
						<Annotation Type="OnlinePropertyAnnotation" Name="[LastValue]">
							<Property Name="Value" Value="1007" />
						</Annotation>
					</Element>
				</Entry>
				<Entry>
					<Element Type="SqlSimpleColumn" Name="[dbo].[MasterPlans].[College]">
						<Relationship Name="TypeSpecifier">
							<Entry>
								<Element Type="SqlTypeSpecifier">
									<Property Name="Length" Value="255" />
									<Relationship Name="Type">
										<Entry>
											<References ExternalSource="BuiltIns" Name="[nvarchar]" />
										</Entry>
									</Relationship>
								</Element>
							</Entry>
						</Relationship>
					</Element>
				</Entry>
				<Entry>
					<Element Type="SqlSimpleColumn" Name="[dbo].[MasterPlans].[Department]">
						<Relationship Name="TypeSpecifier">
							<Entry>
								<Element Type="SqlTypeSpecifier">
									<Property Name="Length" Value="255" />
									<Relationship Name="Type">
										<Entry>
											<References ExternalSource="BuiltIns" Name="[nvarchar]" />
										</Entry>
									</Relationship>
								</Element>
							</Entry>
						</Relationship>
					</Element>
				</Entry>
				<Entry>
					<Element Type="SqlSimpleColumn" Name="[dbo].[MasterPlans].[DegreeArabic]">
						<Relationship Name="TypeSpecifier">
							<Entry>
								<Element Type="SqlTypeSpecifier">
									<Property Name="Length" Value="255" />
									<Relationship Name="Type">
										<Entry>
											<References ExternalSource="BuiltIns" Name="[nvarchar]" />
										</Entry>
									</Relationship>
								</Element>
							</Entry>
						</Relationship>
					</Element>
				</Entry>
				<Entry>
					<Element Type="SqlSimpleColumn" Name="[dbo].[MasterPlans].[DegreeEnglish]">
						<Relationship Name="TypeSpecifier">
							<Entry>
								<Element Type="SqlTypeSpecifier">
									<Property Name="Length" Value="255" />
									<Relationship Name="Type">
										<Entry>
											<References ExternalSource="BuiltIns" Name="[nvarchar]" />
										</Entry>
									</Relationship>
								</Element>
							</Entry>
						</Relationship>
					</Element>
				</Entry>
				<Entry>
					<Element Type="SqlSimpleColumn" Name="[dbo].[MasterPlans].[PlanNumber1]">
						<Relationship Name="TypeSpecifier">
							<Entry>
								<Element Type="SqlTypeSpecifier">
									<Property Name="Length" Value="255" />
									<Relationship Name="Type">
										<Entry>
											<References ExternalSource="BuiltIns" Name="[nvarchar]" />
										</Entry>
									</Relationship>
								</Element>
							</Entry>
						</Relationship>
					</Element>
				</Entry>
				<Entry>
					<Element Type="SqlSimpleColumn" Name="[dbo].[MasterPlans].[PlanNumber2]">
						<Relationship Name="TypeSpecifier">
							<Entry>
								<Element Type="SqlTypeSpecifier">
									<Property Name="Length" Value="255" />
									<Relationship Name="Type">
										<Entry>
											<References ExternalSource="BuiltIns" Name="[nvarchar]" />
										</Entry>
									</Relationship>
								</Element>
							</Entry>
						</Relationship>
					</Element>
				</Entry>
				<Entry>
					<Element Type="SqlSimpleColumn" Name="[dbo].[MasterPlans].[PlanNumber3]">
						<Relationship Name="TypeSpecifier">
							<Entry>
								<Element Type="SqlTypeSpecifier">
									<Property Name="Length" Value="255" />
									<Relationship Name="Type">
										<Entry>
											<References ExternalSource="BuiltIns" Name="[nvarchar]" />
										</Entry>
									</Relationship>
								</Element>
							</Entry>
						</Relationship>
					</Element>
				</Entry>
				<Entry>
					<Element Type="SqlSimpleColumn" Name="[dbo].[MasterPlans].[PlanNumber4]">
						<Relationship Name="TypeSpecifier">
							<Entry>
								<Element Type="SqlTypeSpecifier">
									<Property Name="Length" Value="255" />
									<Relationship Name="Type">
										<Entry>
											<References ExternalSource="BuiltIns" Name="[nvarchar]" />
										</Entry>
									</Relationship>
								</Element>
							</Entry>
						</Relationship>
					</Element>
				</Entry>
				<Entry>
					<Element Type="SqlSimpleColumn" Name="[dbo].[MasterPlans].[PlanNumber5]">
						<Relationship Name="TypeSpecifier">
							<Entry>
								<Element Type="SqlTypeSpecifier">
									<Property Name="Length" Value="255" />
									<Relationship Name="Type">
										<Entry>
											<References ExternalSource="BuiltIns" Name="[nvarchar]" />
										</Entry>
									</Relationship>
								</Element>
							</Entry>
						</Relationship>
					</Element>
				</Entry>
				<Entry>
					<Element Type="SqlSimpleColumn" Name="[dbo].[MasterPlans].[PlanNumber6]">
						<Relationship Name="TypeSpecifier">
							<Entry>
								<Element Type="SqlTypeSpecifier">
									<Property Name="Length" Value="255" />
									<Relationship Name="Type">
										<Entry>
											<References ExternalSource="BuiltIns" Name="[nvarchar]" />
										</Entry>
									</Relationship>
								</Element>
							</Entry>
						</Relationship>
					</Element>
				</Entry>
				<Entry>
					<Element Type="SqlSimpleColumn" Name="[dbo].[MasterPlans].[FirstPriorityDegree1]">
						<Relationship Name="TypeSpecifier">
							<Entry>
								<Element Type="SqlTypeSpecifier">
									<Property Name="Length" Value="255" />
									<Relationship Name="Type">
										<Entry>
											<References ExternalSource="BuiltIns" Name="[nvarchar]" />
										</Entry>
									</Relationship>
								</Element>
							</Entry>
						</Relationship>
					</Element>
				</Entry>
				<Entry>
					<Element Type="SqlSimpleColumn" Name="[dbo].[MasterPlans].[FirstPriorityDegree2]">
						<Relationship Name="TypeSpecifier">
							<Entry>
								<Element Type="SqlTypeSpecifier">
									<Property Name="Length" Value="255" />
									<Relationship Name="Type">
										<Entry>
											<References ExternalSource="BuiltIns" Name="[nvarchar]" />
										</Entry>
									</Relationship>
								</Element>
							</Entry>
						</Relationship>
					</Element>
				</Entry>
				<Entry>
					<Element Type="SqlSimpleColumn" Name="[dbo].[MasterPlans].[allhours]">
						<Relationship Name="TypeSpecifier">
							<Entry>
								<Element Type="SqlTypeSpecifier">
									<Property Name="Length" Value="255" />
									<Relationship Name="Type">
										<Entry>
											<References ExternalSource="BuiltIns" Name="[nvarchar]" />
										</Entry>
									</Relationship>
								</Element>
							</Entry>
						</Relationship>
					</Element>
				</Entry>
				<Entry>
					<Element Type="SqlSimpleColumn" Name="[dbo].[MasterPlans].[mandatoryhours]">
						<Relationship Name="TypeSpecifier">
							<Entry>
								<Element Type="SqlTypeSpecifier">
									<Property Name="Length" Value="255" />
									<Relationship Name="Type">
										<Entry>
											<References ExternalSource="BuiltIns" Name="[nvarchar]" />
										</Entry>
									</Relationship>
								</Element>
							</Entry>
						</Relationship>
					</Element>
				</Entry>
				<Entry>
					<Element Type="SqlSimpleColumn" Name="[dbo].[MasterPlans].[SubjectNumber1]">
						<Relationship Name="TypeSpecifier">
							<Entry>
								<Element Type="SqlTypeSpecifier">
									<Property Name="Length" Value="255" />
									<Relationship Name="Type">
										<Entry>
											<References ExternalSource="BuiltIns" Name="[nvarchar]" />
										</Entry>
									</Relationship>
								</Element>
							</Entry>
						</Relationship>
					</Element>
				</Entry>
				<Entry>
					<Element Type="SqlSimpleColumn" Name="[dbo].[MasterPlans].[SubjectNumber2]">
						<Relationship Name="TypeSpecifier">
							<Entry>
								<Element Type="SqlTypeSpecifier">
									<Property Name="Length" Value="255" />
									<Relationship Name="Type">
										<Entry>
											<References ExternalSource="BuiltIns" Name="[nvarchar]" />
										</Entry>
									</Relationship>
								</Element>
							</Entry>
						</Relationship>
					</Element>
				</Entry>
				<Entry>
					<Element Type="SqlSimpleColumn" Name="[dbo].[MasterPlans].[SubjectNumber3]">
						<Relationship Name="TypeSpecifier">
							<Entry>
								<Element Type="SqlTypeSpecifier">
									<Property Name="Length" Value="255" />
									<Relationship Name="Type">
										<Entry>
											<References ExternalSource="BuiltIns" Name="[nvarchar]" />
										</Entry>
									</Relationship>
								</Element>
							</Entry>
						</Relationship>
					</Element>
				</Entry>
				<Entry>
					<Element Type="SqlSimpleColumn" Name="[dbo].[MasterPlans].[SubjectNumber4]">
						<Relationship Name="TypeSpecifier">
							<Entry>
								<Element Type="SqlTypeSpecifier">
									<Property Name="Length" Value="255" />
									<Relationship Name="Type">
										<Entry>
											<References ExternalSource="BuiltIns" Name="[nvarchar]" />
										</Entry>
									</Relationship>
								</Element>
							</Entry>
						</Relationship>
					</Element>
				</Entry>
				<Entry>
					<Element Type="SqlSimpleColumn" Name="[dbo].[MasterPlans].[SubjectNumber5]">
						<Relationship Name="TypeSpecifier">
							<Entry>
								<Element Type="SqlTypeSpecifier">
									<Property Name="Length" Value="255" />
									<Relationship Name="Type">
										<Entry>
											<References ExternalSource="BuiltIns" Name="[nvarchar]" />
										</Entry>
									</Relationship>
								</Element>
							</Entry>
						</Relationship>
					</Element>
				</Entry>
				<Entry>
					<Element Type="SqlSimpleColumn" Name="[dbo].[MasterPlans].[SubjectNumber6]">
						<Relationship Name="TypeSpecifier">
							<Entry>
								<Element Type="SqlTypeSpecifier">
									<Property Name="Length" Value="255" />
									<Relationship Name="Type">
										<Entry>
											<References ExternalSource="BuiltIns" Name="[nvarchar]" />
										</Entry>
									</Relationship>
								</Element>
							</Entry>
						</Relationship>
					</Element>
				</Entry>
				<Entry>
					<Element Type="SqlSimpleColumn" Name="[dbo].[MasterPlans].[optionalhours]">
						<Relationship Name="TypeSpecifier">
							<Entry>
								<Element Type="SqlTypeSpecifier">
									<Property Name="Length" Value="255" />
									<Relationship Name="Type">
										<Entry>
											<References ExternalSource="BuiltIns" Name="[nvarchar]" />
										</Entry>
									</Relationship>
								</Element>
							</Entry>
						</Relationship>
					</Element>
				</Entry>
				<Entry>
					<Element Type="SqlSimpleColumn" Name="[dbo].[MasterPlans].[OptionalSubject1]">
						<Relationship Name="TypeSpecifier">
							<Entry>
								<Element Type="SqlTypeSpecifier">
									<Property Name="Length" Value="255" />
									<Relationship Name="Type">
										<Entry>
											<References ExternalSource="BuiltIns" Name="[nvarchar]" />
										</Entry>
									</Relationship>
								</Element>
							</Entry>
						</Relationship>
					</Element>
				</Entry>
				<Entry>
					<Element Type="SqlSimpleColumn" Name="[dbo].[MasterPlans].[OptionalSubject2]">
						<Relationship Name="TypeSpecifier">
							<Entry>
								<Element Type="SqlTypeSpecifier">
									<Property Name="Length" Value="255" />
									<Relationship Name="Type">
										<Entry>
											<References ExternalSource="BuiltIns" Name="[nvarchar]" />
										</Entry>
									</Relationship>
								</Element>
							</Entry>
						</Relationship>
					</Element>
				</Entry>
				<Entry>
					<Element Type="SqlSimpleColumn" Name="[dbo].[MasterPlans].[OptionalSubject3]">
						<Relationship Name="TypeSpecifier">
							<Entry>
								<Element Type="SqlTypeSpecifier">
									<Property Name="Length" Value="255" />
									<Relationship Name="Type">
										<Entry>
											<References ExternalSource="BuiltIns" Name="[nvarchar]" />
										</Entry>
									</Relationship>
								</Element>
							</Entry>
						</Relationship>
					</Element>
				</Entry>
				<Entry>
					<Element Type="SqlSimpleColumn" Name="[dbo].[MasterPlans].[OptionalSubject4]">
						<Relationship Name="TypeSpecifier">
							<Entry>
								<Element Type="SqlTypeSpecifier">
									<Property Name="Length" Value="255" />
									<Relationship Name="Type">
										<Entry>
											<References ExternalSource="BuiltIns" Name="[nvarchar]" />
										</Entry>
									</Relationship>
								</Element>
							</Entry>
						</Relationship>
					</Element>
				</Entry>
				<Entry>
					<Element Type="SqlSimpleColumn" Name="[dbo].[MasterPlans].[OptionalSubject5]">
						<Relationship Name="TypeSpecifier">
							<Entry>
								<Element Type="SqlTypeSpecifier">
									<Property Name="Length" Value="255" />
									<Relationship Name="Type">
										<Entry>
											<References ExternalSource="BuiltIns" Name="[nvarchar]" />
										</Entry>
									</Relationship>
								</Element>
							</Entry>
						</Relationship>
					</Element>
				</Entry>
				<Entry>
					<Element Type="SqlSimpleColumn" Name="[dbo].[MasterPlans].[OptionalSubject6]">
						<Relationship Name="TypeSpecifier">
							<Entry>
								<Element Type="SqlTypeSpecifier">
									<Property Name="Length" Value="255" />
									<Relationship Name="Type">
										<Entry>
											<References ExternalSource="BuiltIns" Name="[nvarchar]" />
										</Entry>
									</Relationship>
								</Element>
							</Entry>
						</Relationship>
					</Element>
				</Entry>
				<Entry>
					<Element Type="SqlSimpleColumn" Name="[dbo].[MasterPlans].[proficiencySuccess]">
						<Relationship Name="TypeSpecifier">
							<Entry>
								<Element Type="SqlTypeSpecifier">
									<Property Name="Length" Value="255" />
									<Relationship Name="Type">
										<Entry>
											<References ExternalSource="BuiltIns" Name="[nvarchar]" />
										</Entry>
									</Relationship>
								</Element>
							</Entry>
						</Relationship>
					</Element>
				</Entry>
				<Entry>
					<Element Type="SqlSimpleColumn" Name="[dbo].[MasterPlans].[unimessage]">
						<Relationship Name="TypeSpecifier">
							<Entry>
								<Element Type="SqlTypeSpecifier">
									<Property Name="Length" Value="255" />
									<Relationship Name="Type">
										<Entry>
											<References ExternalSource="BuiltIns" Name="[nvarchar]" />
										</Entry>
									</Relationship>
								</Element>
							</Entry>
						</Relationship>
					</Element>
				</Entry>
				<Entry>
					<Element Type="SqlSimpleColumn" Name="[dbo].[MasterPlans].[unimessagenum]">
						<Relationship Name="TypeSpecifier">
							<Entry>
								<Element Type="SqlTypeSpecifier">
									<Property Name="Length" Value="255" />
									<Relationship Name="Type">
										<Entry>
											<References ExternalSource="BuiltIns" Name="[nvarchar]" />
										</Entry>
									</Relationship>
								</Element>
							</Entry>
						</Relationship>
					</Element>
				</Entry>
				<Entry>
					<Element Type="SqlSimpleColumn" Name="[dbo].[MasterPlans].[notes]">
						<Relationship Name="TypeSpecifier">
							<Entry>
								<Element Type="SqlTypeSpecifier">
									<Property Name="Length" Value="255" />
									<Relationship Name="Type">
										<Entry>
											<References ExternalSource="BuiltIns" Name="[nvarchar]" />
										</Entry>
									</Relationship>
								</Element>
							</Entry>
						</Relationship>
					</Element>
				</Entry>
			</Relationship>
			<Relationship Name="Schema">
				<Entry>
					<References ExternalSource="BuiltIns" Name="[dbo]" />
				</Entry>
			</Relationship>
			<AttachedAnnotation Disambiguator="5" />
		</Element>
		<Element Type="SqlPermissionStatement" Name="[Grant.ViewAnyColumnEncryptionKeyDefinition.Database].[public].[dbo]">
			<Property Name="Permission" Value="1108" />
			<Relationship Name="Grantee">
				<Entry>
					<References ExternalSource="BuiltIns" Name="[public]" />
				</Entry>
			</Relationship>
			<Relationship Name="SecuredObject">
				<Entry>
					<References Disambiguator="1" />
				</Entry>
			</Relationship>
		</Element>
		<Element Type="SqlPermissionStatement" Name="[Grant.ViewAnyColumnMasterKeyDefinition.Database].[public].[dbo]">
			<Property Name="Permission" Value="1107" />
			<Relationship Name="Grantee">
				<Entry>
					<References ExternalSource="BuiltIns" Name="[public]" />
				</Entry>
			</Relationship>
			<Relationship Name="SecuredObject">
				<Entry>
					<References Disambiguator="1" />
				</Entry>
			</Relationship>
		</Element>
	</Model>
</DataSchemaModel>