﻿<?xml version="1.0" encoding="utf-8"?>
<DacOrigin xmlns="http://schemas.microsoft.com/sqlserver/dac/Serialization/2012/02">
  <PackageProperties>
    <Version>3.1.0.0</Version>
    <ContainsExportedData>true</ContainsExportedData>
    <StreamVersions>
      <Version StreamName="Data">2.0.0.0</Version>
      <Version StreamName="DeploymentContributors">1.0.0.0</Version>
    </StreamVersions>
  </PackageProperties>
  <Operation>
    <Identity>c794aa27-ac42-4197-bf5a-4ea9227f6730</Identity>
    <Start>2024-08-28T16:28:55.1900861+03:00</Start>
    <End>0001-01-01T00:00:00.0000000</End>
    <ProductName>Microsoft.SqlServer.Dac, Version=162.0.0.0, Culture=neutral, PublicKeyToken=b03f5f7f11d50a3a</ProductName>
    <ProductVersion>162.3.566.1</ProductVersion>
    <ProductSchema>http://schemas.microsoft.com/sqlserver/dac/Serialization/2012/02</ProductSchema>
  </Operation>
  <Server>
    <ServerVersion>Microsoft SQL Server 2022 (RTM) - 16.0.1000.6 (X64) 
	Oct  8 2022 05:58:25 
	Copyright (C) 2022 Microsoft Corporation
	Express Edition (64-bit) on Windows 10 Home 10.0 &lt;X64&gt; (Build 22631: ) (Hypervisor)
</ServerVersion>
    <ObjectCounts>
      <DatabaseOptions>1</DatabaseOptions>
      <PermissionStatement>2</PermissionStatement>
      <PrimaryKeyConstraint>1</PrimaryKeyConstraint>
      <SimpleColumn>165</SimpleColumn>
      <Table>4</Table>
    </ObjectCounts>
  </Server>
  <ExportStatistics>
    <SourceDatabaseSize>12928</SourceDatabaseSize>
    <TableRowCountTotalTag>35</TableRowCountTotalTag>
  </ExportStatistics>
  <Checksums>
    <Checksum Uri="/model.xml">C5451FC8B5E29D9C899BF2D4EA75BEE9BA26A953222AB06B6067B24585E42135</Checksum>
  </Checksums>
  <ModelSchemaVersion>2.9</ModelSchemaVersion>
  <DataPhaseTables>dbo.login,dbo.MasterPlans,dbo.BachelorPlans,dbo.DiplomaPlans</DataPhaseTables>
</DacOrigin>